,review,rating,Positive,Negative,Neutral,Output,Character Counts,Word Counts
0,nice produt like design lot  easi carri   look stylishread,5,0.431,0.0,0.569,Happy,58,9
1,awesom soundveri pretti see nd sound qualiti good wish take product love product read,5,0.471,0.0,0.529,Happy,85,14
2,awesom sound qualiti pros  hrs batteri life includ  min approx call timeawesom sound output bass trebl realli clear without equalis equalis sound wari depend handset sound qualityweightless carri head toomic good traffic good  option realli import mention realli expect lead brand implement thisconsveri tight ear adjust ok  tightread,4,0.194,0.0,0.806,Unhappy,334,48
3,think good product per qualiti also design quit good  use product januari  pandam situat becam use help  overal bass sound qualiti pretti good anoth thing give sigh relief provid wire help case lack chargesread,5,0.393,0.049,0.558,Happy,210,34
4,awsom sound power bass batteri backup also excel love bass huge lover music bass design build also niceand first time bought headphon electron item glad say first time love     excel product         thank boat make nice product keep make thank flipkart team deliv nice product risk lifread,5,0.486,0.03,0.484,Happy,289,46
5,product sound clear excel bass obvious good product valuabl money guy daut realli good productread,4,0.509,0.0,0.491,Unhappy,98,15
6,buy thispro sound qualiti build qualiti  bluetooth connect  bass clear high  batteri backup  use wire headphon charg headphonethi goodcron use long feel pain  ear earif need ear price go moto pul maxfin opinionif want good sound qualiti good bass wireless headread,4,0.198,0.067,0.735,Unhappy,264,41
7,first want talk sound qualiti sound qualiti best price segment bass realli punchi mid also good high volum sound crack bit  otherwis realli nice come build qualiti build qualiti amaz cannot get better headphon sturdi light made good qualiti plastic thing like bit tight sometim becom uncomfortaread,5,0.281,0.041,0.678,Happy,298,47
8,good look super fine clear sound power full bassread,5,0.691,0.0,0.309,Happy,52,9
9,headphon best bass perfect fit fix headthat mi  provid larg rang bluetoothand mic work fine bluetoothwir alsoread,4,0.484,0.0,0.516,Unhappy,113,17
10,great look n light weight sound cool design ok ok ear couf cheaper qualiti  minut feel pain ear n sweat sound qualiti excel n base awesom valu money price rang thank flipkart call featur also poorread,4,0.357,0.072,0.57,Unhappy,200,36
11,use headphon sinc  month great bass song lover like listen type song headphon great kind music tranc edm hindi old song great batteri life tooo great buy bole paisa vasooooolread,5,0.532,0.0,0.468,Happy,178,30
12,sound qualiti good cannot wear  minut sooo uncomfort ear start pain small size feel like somebodi press ear side great forc boat need improv designread,1,0.281,0.098,0.621,Unhappy,151,25
13,reson  star  sound alert connect low batteri incom call etc play  time volum volum usual hear anyth headphon notif play sound level everyon room hear imagin play r wear headphon like blast ear nowher play like loud wear wish throw awayreason hvnt thrown away yet  decent sound qualiti baread,1,0.322,0.035,0.644,Unhappy,291,49
14,batteri backup good time tight head bluetooth connect good speaker good bass good boat realli rock guy bought product dasar cost  rs price reasaonbl r observev use  month r chang wait batteri indic goodreal happi product deliveri goodread,3,0.266,0.0,0.734,Unhappy,238,38
15,best budget headset price rang  buy offer period sound qualiti awesom bass extrem good batteri backup  hour charg time  half hour main con  tight ear cuff  sweat  minut want adjust regular interv  mike qualiti worst  person hear surround nois overal rate   bass  sound qualiti  built qualiti  batteri backup read,5,0.146,0.071,0.783,Happy,312,49
16,good productsound qualiti good bass heavi say saw product got  rate place order truli say dissatisfi product bluetooth connect good huge lack shown music track play bluetooth issu aux mode built qualiti good main thing search bass heavi headphon say bass heavi soread,4,0.299,0.042,0.659,Unhappy,267,43
17,superb sound qualiti good design comfort good bettari life overal amaz product  read,5,0.579,0.0,0.421,Happy,84,13
18,amaz audio product boat superb bass crystal clear sound  awesom batteri backupgo without kind hesitationgreat deal priceread,5,0.285,0.118,0.596,Happy,124,17
19,awesom bass sound qualiti good bettari long life  purchas rs  realli grate product forget likeread,5,0.163,0.107,0.73,Happy,98,15
20,awesom product prize deal phone pe app get  rs good sound qualiti go itread,5,0.341,0.0,0.659,Happy,75,14
21,today get product realli good product price rang connect sound qualiti batteri backup built qualiti everyth goodveri good ekart deliveri servic also thank flipkart guy go itread,5,0.257,0.0,0.743,Happy,177,27
22,nice headphon grt sound qualiti much impress connect iz fast batteri backup iz fabul headband iz lill tight cannot wear long time otherwis grt product fulli satisfiedread,5,0.186,0.0,0.814,Happy,170,27
23, sound qualiti best      look super stylish headphon  packag superb       right tym delevir thanku flipkartread,5,0.526,0.0,0.474,Happy,111,14
24,best devic rang bass qualiti best simpli love devic got deliv  dayslight weight white neon colour simpli wow perfect rest ear comfort wellgo thank boat read,5,0.569,0.0,0.431,Happy,156,26
25,boat product good excel headphon buy bluetooth without wire use good wire also ad  sound bass perfect wait order enjoy nowread,4,0.495,0.0,0.505,Unhappy,126,21
26,wooowwww superb product good effect sound clariti bluetooth r work good system mobil phone headphon charger cabl also connect wire  warranti woooww  thank read,5,0.395,0.0,0.605,Happy,159,24
27,headphon better choic budget sound qualiti awesom batteri backup perfect approx   hour build qualiti averag one word better choiceread,5,0.373,0.0,0.627,Happy,134,19
28,yes good aspectexcept mic tri talk use mic bluetooth person cannot hear clear also low sound irrit want someth enjoy music budget qualiti good yes tight use get loosen littl comfort big head feel head small week got comfort keep volum mid rang use hour like use  hrs day keepiread,3,0.349,0.064,0.587,Unhappy,280,50
29,best bluetooth headset price rang total worth  buy amaz product thank flipkart deliv short period timeread,5,0.398,0.0,0.602,Happy,106,16
30,good sound good use sinc  week fulli satisfi itth noic cancel littl issu good price littl bit high accord qualiti offer recommend product go headphonesi total satisfiedread,3,0.318,0.057,0.625,Unhappy,172,27
31,sound relay rock compar headphon use hp lg soni     batteri thank design awesom batteri backup  hear song ful day batteri back  day   negat mic clear drive audibl  also speak call sound louder head phonesif sb improv headphon relay wonder product  worth doubt pleas go thisalso custom servic respons good rate iread,4,0.17,0.043,0.788,Unhappy,315,51
32,headfon beauti  sound qualiti osm bass power nice product  thank flipcard deliv ao quick salut flipcard staff love flipcard   read,5,0.358,0.0,0.642,Happy,130,20
33,headphon beauti classi light weight actual worth itbass awesom also good sound qualityread,5,0.304,0.0,0.696,Happy,90,13
34,awesom prodect got boat compani good provid good  durabl prodectread,5,0.42,0.0,0.58,Happy,68,10
35,realli love product  sound qualiti  awesom prefer buy friend built qualiti relay awesom guy love productread,5,0.472,0.0,0.528,Happy,108,16
36,sound tooo goodand qualiti good happi devic sound qualiti import best qualiti musicread,5,0.392,0.0,0.608,Happy,87,13
37,deliveri slowsound qualiti super bass also good build qualiti bad batteri also goodi one major problem mic good time mic clear call person voic clear voic clear thereread,4,0.4,0.142,0.458,Unhappy,170,28
38,light weight easi carri anywher attract model awesom servic flipkart love itread,5,0.401,0.0,0.599,Happy,80,12
39,design colour   good  sound qualiti awesom  love much productread,4,0.504,0.0,0.496,Unhappy,65,9
40,perfect price rang go  absolut amaz one feel delay pubg sound sound perfect synchronis game bought play pubg main pubg user r look good headphon  review help hit likeread,5,0.388,0.058,0.554,Happy,170,29
41,product good batteri backup also good recommend buy product life price rang best bluetooth headphoneread,5,0.532,0.0,0.468,Happy,104,15
42,bought flipkart sale  must say worth price bass pretti cool  sound qualiti awesom bt still give  star becoz littl uncomfort uh wear   ear start get pain bt week get use itread,4,0.118,0.093,0.789,Unhappy,175,31
43,good headphon play game like pubgyou easili get  everi footstep thisbut sound delay bluetooth modebut aux cabl work perfect finesound bass    batteri  read,5,0.362,0.072,0.566,Happy,155,23
44,honest review  month use bought  flipkartif bass lover go without confusionth base punchi feel ear vibrat thispro punchi bass know headset provid much bass mid  trebl crystal clear hear everi instrument batteri backup excel im get upto  day moder use use accord push upto week charg quicread,5,0.228,0.0,0.772,Happy,291,47
45, popular boat good sound product heavi punchi bass nice use mani boat ear phone experi nice boat rockerz  even better yes feel uncomfort fond ear headphon rather sound great bass awesom build good design stylish batteri backup also preeti goodif buy ear headphon  time never use tread,5,0.414,0.0,0.586,Happy,284,47
46,excel sound qualiti superior bass back great batteri power feather light  built qualiti mind blow purchas  good  music enthusiast wise choic purchas price rang total love read,5,0.538,0.0,0.462,Happy,175,27
47,good headphon give decent bass comfort take almost  day adjust elast although want good headphon overal decent qualiti go need extrem bass  buy skull candyread,4,0.314,0.0,0.686,Unhappy,159,25
48,order may   itz work proper sudden one side speaker work proper qualiti product work  daysread,1,0.0,0.0,1.0,Unhappy,94,15
49,first thank flipkarti got headphon  day earlierjust imagineblaz fast deliveri flipkartok review use  day design  comfort frank speak first headphon design pretti satisfactori show front friend  purchas black red one earcup adjust problem wearingnow comfort mani say tight uncomfort honestread,5,0.221,0.056,0.723,Happy,292,40
50,first thank flipkarti got headphon  day earlierjust imagineblaz fast deliveri flipkartok review use  day design  comfort frank speak first headphon design pretti satisfactori show front friend  purchas black red one earcup adjust problem wearingnow comfort mani say tight uncomfort honestread,5,0.221,0.056,0.723,Happy,292,40
51,valu money got headphon  summer salesound qualiti awesom good bass good nois cancel also connect devic quick n devic show batteri percentag headphon also thr coolest thing headphon often listen music headphon go itmust buy headphon satisfi purchaseread,5,0.139,0.048,0.813,Happy,252,38
52,cannt bought anyth cheap price well known brand worthi talk sound amaz batteri backup also good light weight carri hand call qualiti good enoughread,4,0.357,0.0,0.643,Unhappy,148,24
53,product good super extra bass work properlybatteri backup best normal  hour charg time correct descript product detailsin box audio plug charger cablewarranti card user manualetcwith high definit balanc sound next  previous function work laptop work mobileread,5,0.25,0.0,0.75,Happy,260,36
54,aa amaz product wo want buy recommend price one best product ny accord buy best headphon best love boatread,5,0.613,0.0,0.387,Happy,107,19
55,good choic best bass sound qualiti good like productread,5,0.714,0.0,0.286,Happy,56,9
56,one best wireless headphon  bass good special boat loud mid well contain overal satisfi headphonesread,4,0.52,0.0,0.48,Unhappy,102,15
57,sound qualiti awesom queri built design ear cup comfort wear   minut ear may start get painso pleas make big ear cup may feel comfort listen overal goodread,4,0.167,0.0,0.833,Unhappy,156,27
58,great headphon one best  great bass beat main con  bit uncomfort soi recommend buy head big adultit nice smaall children teensread,4,0.525,0.0,0.475,Unhappy,130,21
59,pros        vocal great love        bass decent        batteri  hour        built qualiti good look premium also foldabl con        connect problem appear use terrac          put phone pocket mayb due bluetooth   great purchas doubt                          best buy even purchas                          suggest buy offer sale purchas                                   read,4,0.338,0.09,0.572,Unhappy,374,40
60,good one reason headphon cover whole ear place year comfort cannot wear longer time start hurt tri anoth one price rang mani avail cost better thisread,1,0.246,0.101,0.653,Unhappy,151,26
61,reciev good packagingr thank flipkart wonder experi youon minor issu found bass head cushion materialth materi use blue color headset made cloth durabl compar other color variant modelread,4,0.172,0.0,0.828,Unhappy,188,28
62,super great product iam love thank flipkartread,5,0.831,0.0,0.169,Happy,47,7
63,good product boat like design headphon sound qualiti good batteri backup also good use play pubg listen music love productread,5,0.56,0.0,0.44,Happy,126,20
64,excel buy price great sound decent bass phone laptop equalis  chang set listen great theatr like sound  also light weight much pressur wear long read,5,0.395,0.0,0.605,Happy,149,25
65,headphon good price rang go sound qualiti excel provid great bass build qualiti excel batteri backup greatgo itread,5,0.481,0.0,0.519,Happy,115,18
66,bass good brought product  best valu money deliveri flipkart super fast deliv one day given dateread,5,0.458,0.0,0.542,Happy,100,16
67,good product cheap price even better jbl first also buyi jbl good better itread,5,0.537,0.0,0.463,Happy,79,14
68,good sound qualiti call ok batteri good bass good overal goodread,5,0.609,0.0,0.391,Happy,65,11
69,bang buckreal great headset best headphon priceth build qualiti good sturdi light weight sound qualiti headphon serious good bass realli amaz think other go read,5,0.398,0.037,0.565,Happy,161,25
70,amaz one problem  month usb code work proper over nice product read,5,0.181,0.174,0.645,Happy,67,12
71,awesom product  super qualiti  clear n high volum sound  chang song cushion qualiti goodread,5,0.371,0.0,0.629,Happy,92,14
72,nice sound qualiti give   bass give   qualiti  give   super batteri  give    hour song hear batteri backupperfect fitsultralight weightnois cancel mark averag qualityvoic call qualiti averag qualiti give  mic work goodaux cabl data cabl includ work finecushion better softoveral prodread,4,0.206,0.043,0.751,Unhappy,287,39
73,good packag still satisfi product worth money like muchyou guy go itread,4,0.448,0.0,0.552,Unhappy,72,12
74,decent headphonei buy  satisfi productprosgood good qualiti good light good batteri backupconsit littl bit tightdo know get wasi afta use muchear get painthi problem seen mani reviewsyoutub alsogood peopl love basscz normal sound littl bit button feel durableread,5,0.265,0.056,0.679,Happy,263,38
75,pack goodreceiv good conditionwork wellsound qualiti actual crystal clear bass appreci overal nice product valu money read,4,0.372,0.0,0.628,Unhappy,122,17
76,realli excit headphon first  sound qualiti expect bass also good main issu come comfort levelthes headphon comfort start feel pain ear with  min use worst part return option avail product exchang  realli disappoint use good music comfort productread,1,0.249,0.189,0.562,Unhappy,249,38
77,buy  colour cotton cushion  look good prefer one leather air cushion  sound qualiti   price rang goodbass   get much design   recommend  buy one leather cushion batteri   notic cancel also gud  recommend buy product sale get cheap priceplz guyz buy headphon play pubg bass heaphon disturb game cannot get crystal clear  qualread,4,0.171,0.114,0.714,Unhappy,328,50
78,great budget headphon look headphon budget  think twice bass head amaz batteri  decent   hrs averag fit good sometim feel loos need adjust overal good option design improv get  starsread,4,0.332,0.0,0.668,Unhappy,186,29
79,decent buy music  game wire give best experi last excel daili use  use  yr  write review  yr broken plastic fix tape decent recommend rough useread,4,0.287,0.092,0.621,Unhappy,147,25
80,hey fellow  headphon awesom superb basesuperb built qualiti metal holder      good  got rs  may get fr rate salesread,5,0.304,0.0,0.696,Happy,117,18
81,stylish beauti best bass qualityit feel likeheaven  listen funhappi purchasegrab rs mayb cheapest till nowbit tight bt mayb get use itbest wid window  welllov itthanx flipkartread,5,0.144,0.0,0.856,Happy,179,26
82,best headphon realli impress batteri backup  continu listen medium volumesound qualiti extra bass also goodit cushion soft good  comfortableread,4,0.385,0.0,0.615,Unhappy,144,19
83,good  minut  hour usag ear cup small along small frame give high pressur ear ear headphon describ expect go uncomfort refund bass much miss instrument  build qualiti ok simpl design ear cup fix  steel rod hope lastsoud qualiti good superb altern ibal headsetread,1,0.28,0.03,0.69,Unhappy,262,43
84,bought rs big billion dayssupercomnetreceiv within  hrs star flipkart superfast deliveryon discount product assum box wid brokens openbut surpris receiv brand new box complet seal good conditioni happi  half  time case star packag send brand new seal boxcom product product good pricebass ok  bad eread,4,0.152,0.067,0.781,Unhappy,302,45
85,sound qualiti amaz fantast lookbut comfort ear size littl largebcauz ear pretti larg pressuris ear lot cannot use  minread,3,0.122,0.0,0.878,Unhappy,122,19
86,work fine laptop well mobil ear ach use even half hour could much softer good occasion use cannot watch full movi feel pain outer earread,4,0.219,0.106,0.675,Unhappy,137,25
87,product good bass awesom think bass lover give tri let problem flipkart take much time deliv compar servic felt littl bit annoy overal product worth everi penni thank youread,5,0.28,0.141,0.579,Happy,174,29
88,super duper hit bass sound qualiti best batteri backup best beauti  color best money best productsread,5,0.653,0.0,0.347,Happy,102,16
89,best product reason price valu money durabl well love thank flipkartread,5,0.65,0.0,0.35,Happy,72,11
90,super duper hit bass sound qualiti best batteri backup best beauti  color best money best productsread,5,0.653,0.0,0.347,Happy,102,16
91,best product reason price valu money durabl well love thank flipkartread,5,0.65,0.0,0.35,Happy,72,11
92,sound qualiti good enough consid got  might find tight ear usual one bigger head fine thoughdid feel deep bass rock nonethelessread,4,0.198,0.0,0.802,Unhappy,131,21
93,good producti got price  rs phone pay discount   product awesomeloud bass clariti fit ear bluetooth rang smaller said descript ie   good deliveri n packag good batteri backup also awesom charg sinc bought productjust check charg issu find great productgo itread,5,0.308,0.028,0.664,Happy,261,40
94,bought  definit worth amount paid get high bass hd sound qualiti use poweramp music player get best headphon batteri backup  use  hour daili batteri backup  day test limitsconsbut abl make feel comfort regret buy one reason easili sort manufactur ear cushion read,4,0.174,0.057,0.769,Unhappy,263,42
95,pros excel batteri backup near  hrs good bass  one   wire wireless built mic playpaus receiveend call good build qualiti worth pricei got  cashback phonep onlycon bass noth use bass boost worst sound qualiti connect  mm jack need speak loud talk someonealso voic low need listen carefullyread,4,0.229,0.106,0.666,Unhappy,292,46
96,nice product nice build qualiti sound qualiti also batteri backup good overal product nice price  bluetooth rang also good upto  meter mic qualiti also goodread,4,0.415,0.0,0.585,Unhappy,160,25
97,first product boat headphon awesom   sound qualiti amaz loud  feel vibrat play music headphon come one year warranti super  pack product soooooo good  design build appreci even celebr use headphon  headphon cheap perform incred wonder  think buy  foundread,5,0.208,0.0,0.792,Happy,256,38
98,boat rockerz  awesom product price rang compani cannot give much qualiti  price good  bass awesom  sound clear recommend product anyon love musicread,4,0.404,0.0,0.596,Unhappy,149,22
99,helo friendssinc boat trend headphon accessori market mani need second opinion purchas use earphon jbl senheizz skullcandi mi till also chanc use soni wire headset onceth product boat rickerz  headset entri level headset got offer price  product deliv within week time well pack kudo ekart better deliveri howev product box insid courier paread,4,0.089,0.0,0.911,Unhappy,344,53
100,awesom  bass top notch sounf qualiti great even loud speedth batteri backup also good read,5,0.423,0.0,0.577,Happy,90,15
101,know peopl give  product product given  star bcoz superb bass well batteri backup extrem good watch almost two movi time use wire given  appreci amount need product like thiswrit mumbai andheri atlast mumbai style ka review product bohut hard hai read,5,0.237,0.029,0.735,Happy,251,41
102,tight pain  usag compat mobil phone good tri zenfon pro  honor view  mobil volum button work expect button alway chang song call clariti actual worst tri almost  differ devic voic alway get disconnect good point see audio qualiti bass good listen songsread,1,0.215,0.134,0.651,Unhappy,256,42
103,bluetooth connect sound bass good use aux cabl cabl bass  sound low volum button work aux cableand good call day later ear got painingread,2,0.201,0.073,0.727,Unhappy,138,24
104,awesom product crystal clear sound superb bass buy rs  money worth thank big shop day sale  love favourit shop app flipkartread,5,0.489,0.0,0.511,Happy,127,21
105,awesom product great experi awesom sound effect good batteri life  soundproblem takin travel cannot fold flat posit  problem mic work well caller cannot receiv clear even though good productread,4,0.301,0.122,0.577,Unhappy,194,29
106,gift sister rakhiw happi see box qualiti got priceth sound qualiti goodi use headphon includ philip audiotechnica soni also soundmagicthi stand qualiti audiotechnica yeah bluetooth work perfectlyboataudiotechnica rangesoundmagicphilipssonyso buy yes budget stand near read,5,0.201,0.0,0.799,Happy,272,34
107,dissipoint     comfort                                                                 bad ear hard   listen music hhhhh pain start also tight cushion good bakwass                                  sound quit good bass nice trebl absentmid ok type                                                                          build qualiti good special plastic use            conread,1,0.393,0.17,0.437,Unhappy,377,31
108,realli impress thisi use ear soni bluetooth much addict n convinc head phonesbut  mm boat rocker realli rock n use nowtechn worth price n happi custom boat brandcongratsread,4,0.173,0.0,0.827,Unhappy,173,28
109,talk sound qualiti want rate awsm qualiti deep bass peac ear  design  like thing much one friend own awsm product get know wonder product search sorri cannot say anyth much batteri  back write review within  product deliveri      like product hope                   shiread,5,0.256,0.0,0.744,Happy,273,41
110,good headphonebuilt qualiti goodbass super microphon goodalso littl uncomfort use overal good headphon respect pricei got wow deal big saver day flipkartread,4,0.494,0.0,0.506,Unhappy,157,22
111,good sound qualiti reason price colour amaz volum set much good semi comfort wear purpos good productread,4,0.463,0.0,0.537,Unhappy,105,17
112,realli like product awesom product seal open dirti mean use  product good like would like suggest flipkart send use product anyway headphon realli awesomeread,5,0.342,0.0,0.658,Happy,158,24
113,excel jst awesom product love  bestread,4,0.643,0.0,0.357,Unhappy,39,6
114,use headset quit comfort handyi jbl  think build design boat  better thank flipkartread,5,0.441,0.0,0.559,Happy,87,13
115,yes good provid good bass student give ics  board exam holi angel school rajpuraread,5,0.436,0.0,0.564,Happy,84,14
116,receiv  januaryth packag good time deliveryi use headphon around  weeksand go good till nowsound      balanc soundbass        good amount bass mani us like                                initi feel bass mark                                later use poweramp music player                                 magic qualiti        read,4,0.272,0.0,0.728,Unhappy,328,34
117,sound qualiti good connect better good rang within  onlyit feel tight okmic work away around  aboveread,5,0.401,0.0,0.599,Happy,103,16
118,base excel charg good love product lot thank youread,5,0.716,0.0,0.284,Happy,52,9
119,good play pubg wire extra bass build qualiti use  today broken put ear got thought good build qualiti notani way good headphon play pubg use wire otherwis  second delay love  read,3,0.384,0.117,0.499,Unhappy,179,31
120,light weight stylish good sound qualiti bass better good batteri back connect low otherwis great productread,5,0.494,0.081,0.425,Happy,108,16
121,awesom product worth moneynic sound nice build nice design buton thing give   east cup small cushion appreci hurt ear wear long periodsread,4,0.26,0.118,0.623,Unhappy,139,22
122,excel headset  good build qualiti hour run time  sound qualiti also good price pay  thank flipkart give us type saleread,5,0.408,0.051,0.542,Happy,120,20
123,decent good product price sinc use  month face issu sound   sound headphon satisfi best price must say  talk batteri backup headphon come good batteri  long last henc use play  hour daili batteri remain till  daysproblemth problem face  month  product  bluetooth rang  problem common everi bluetoread,4,0.218,0.095,0.687,Unhappy,300,45
124,product realli good  realli happi bcos want bajact wireless headphon everyth iss good look sometim feel simpl cup tea r look look go other also praform iss gud price got rs read,5,0.202,0.0,0.798,Happy,177,32
125,sound clariti bass averag love irrit thing comfort hold earpiec like hell recommend game even though hard gamer cannot use  hard aux perfect fine issu bluetooth connect also irrit point use bt produc awkward sound pauseplaypauseplay  video first thought isread,3,0.306,0.16,0.534,Unhappy,260,40
126,best headphon price got  steal dealthi go long term review buy boat  mind somewher research found boat  durabl get brick joint also  heavi bass kill mid high sometimesfor exampl pubg use  spray abl hear anyth els heavi bass boat come boat read,5,0.082,0.155,0.763,Happy,243,42
127,headphon good regular use cannot use   hour cusion qualiti decent price rang awesom better zebron zeb thunder infin jbl driver bigread,5,0.234,0.0,0.766,Happy,134,21
128,realli like headphon sound qualiti design also good comfort well howev want buy call perfect product microphon perfect person phone abl hear clearlyread,4,0.539,0.0,0.461,Unhappy,152,23
129,built qualiti base colour excel foam materi hold ear made qualiti product one adjust soeaker various direct aux cabl charger cabl provid box use  aux cabl enjoy music  avail bluetooth option opt black red model amaz go may get within  sale daysread,4,0.134,0.0,0.866,Unhappy,248,42
130,like sound headphon want white colour grey overal good good base good batteri qualiti design well price rang good thank flipkart product fast deliveryread,3,0.586,0.0,0.414,Unhappy,154,24
131,reason choos one othersit work bluetooth aux cablewiredso bhagwan na kare agar bluetooth kharab ho jae toh still use aux cabl use wire one advantag big one other two one tight fit ear pain  min mit get loosen time voic good connect work fine till bass good look good built wise short leke baat khatam karo  aur kya chahiyeread,5,0.225,0.046,0.728,Happy,326,59
132,bluetooth headphon realli worth money superb bass best sound qualiti build extrem unbeliev think right  realli realli awesom broread,5,0.389,0.0,0.611,Happy,132,19
133,best head phone never hark base like headphon wonder perform play game pci suggest peopl buy head phone name boat rockerz ,5,0.247,0.079,0.674,Happy,122,21
134,product descript page say bluetooth v  actual v  mean poor connect rangeyou adjust equal set phone allow get good sound els hear bass vocal sound suppress sound qualiti good listen musicbewar buy make regular voip call sound keep break nois ideal call meetingsbuild qualiti could betterread,3,0.209,0.058,0.733,Unhappy,290,46
135,great product color white green also great trust one great productread,5,0.69,0.0,0.31,Happy,70,11
136,boat rockerz  good headset perfect bass listen song although lenovo  power user dolbi atmo phone l run give good performancel like build qualiti boat alway favourit headphon compani                 thank flipkart sellerread,5,0.367,0.0,0.633,Happy,223,31
137,purchas model boat             purchas flipkart smart headphon  h  day comparison like flipkart headphon flipkart headphon sound qualiti much better boat   base phone call voic mic good flipkart headphon experienceread,5,0.314,0.0,0.686,Happy,218,29
138,reason head phone great batteri pretti sound make happi proud purchasethank boat amaz headphoneread,5,0.375,0.0,0.625,Happy,99,14
139,nice headset good bass batteri backup great seem problem mic pretti good job noic cancel greatread,4,0.464,0.172,0.365,Unhappy,98,16
140,reason head phone great batteri pretti sound make happi proud purchasethank boat amaz headphoneread,5,0.375,0.0,0.625,Happy,99,14
141,nice headset good bass batteri backup great seem problem mic pretti good job noic cancel greatread,4,0.464,0.172,0.365,Unhappy,98,16
142,best headphon  good bass good sound qualiti good batteri backupbut overal best headphon boat rockerz  one problem low bluetooth connect read,5,0.476,0.134,0.39,Happy,140,21
143,give reviw  month use  awesom  work nd good condit yet   best use game movi song high   loud qualiti betti backup good  feel  hour work  give  star  feel disappoint callingread,5,0.265,0.072,0.663,Happy,176,29
144,sound qualiti realli good come adequ bass think build qualiti would much better still quit better brand provid budgetbatteri backup also liter well go want great sound qualiti budgetread,4,0.413,0.0,0.587,Unhappy,186,29
145,clear hd audio without distract         excel sound                                                            bass awesom theatr like experi          high recommend product                                  bought   best rangeread,5,0.486,0.088,0.426,Happy,230,18
146,thank flipkart fast deliveri sound  qualiti mind blow  bole pesa vasul product  thank much flipkart  read,5,0.263,0.0,0.737,Happy,105,16
147,nice productgood sound  bass solid build best headphon   star comfort batteri  deliveri also pretti late  daysread,3,0.481,0.0,0.519,Unhappy,114,16
148,wahooo best product boat headphon best sound qualiti deliveri late product best best flipkart parcel servic best thanku flipkart happi shoppingread,4,0.568,0.0,0.432,Unhappy,147,21
149,sound qualiti averag although bass good  ear cushion lil bit smaller tight ear long useag bt batteri backup good enough listen song averag use although nois cancel work good  overal good product go coz give best price rang read,5,0.311,0.039,0.65,Happy,227,39
150,amaz product bass qualiti excel batteri even better look amaz come coupl cabl wich includ charg cabl anoth use wire headphon wrote one day use amaz product read,5,0.185,0.0,0.815,Happy,160,28
151,excel product price rangeit featur pack headphon great bass trebl quit decent prosexcel bassclear trebleseasi batteri backupl indicatorconnot recommend longer use becom uncomfort person experi mayb othersread,4,0.286,0.0,0.714,Unhappy,208,27
152,better competitor price segmentit way better jbl  price competitor term sound qualiti soni wh ch  avail  big billion go itmi advis think buy one good pair headphon go chroma relianc digit check sound qualiti various rang headphon buy one accord budgetread,5,0.186,0.0,0.814,Happy,255,41
153,one best headphon coz featur qualiti superb design also cool super extra bass wireless function also given music playback time  like guy go thinkread,5,0.472,0.0,0.528,Happy,149,24
154,pros sound qualiti well balanc indian musiceveri instrument well vocal heard clear batteri life awesom easili last  hrs  hrs charg connect decent goe  mtrs without issu headphon quit sturdi headphon gave fallen coupl time consider distanc noth happenedcon ear cup soft gud  hrs use start bother ear size  fit coread,4,0.16,0.084,0.756,Unhappy,315,50
155,best headphon price segment best get  get sound qualiti   headphon love boat rockerz read,5,0.534,0.0,0.466,Happy,89,14
156,batteri backup good design also good sound clariti best bass awesom  earphon snug fit mean fit accord head size bluetooth pair also fast overal good must buy read,5,0.449,0.0,0.551,Happy,162,28
157,headphon much good also come fast flipkart packag headphon good enough box torn place deliveri boy say torn travel detect one star whether headphon goodread,4,0.188,0.13,0.682,Unhappy,156,25
158,nice onebattri back great b play upto  charg fullybass greatbut headphon design n build qualiti much guddoesnt look beauti n attract way sound bass battri backup much great  well n satisfiactiongo itread,5,0.45,0.0,0.55,Happy,203,32
159,brilliant product super bass nice call experi product batteri drain good good work boatread,5,0.644,0.0,0.356,Happy,91,14
160,amaz prize product outstand love love recommend headset mind blow productread,5,0.67,0.0,0.33,Happy,77,11
161,awesom product sound loud super light weight fold almost insid one thing note cannot chang volum wire mode wireless mode chang volum otherwis amaz product got  sale best price headphoneread,4,0.224,0.0,0.776,Unhappy,189,30
162,gave four star hum sound play track paus music hardcor music lover abl detect thought product search saw peopl mention get wrong sound qualiti bad hum sound also loud okay batteri backup good connect rang averag like bl headset think green color give youread,4,0.283,0.111,0.606,Unhappy,258,44
163,everyth betrer sound qualiti awesom batteri backup good excel design love look love thank flipkart thank boatread,5,0.637,0.0,0.363,Happy,113,17
164,awesom sound qualiti begin like  hrs batteri backup suffici music lover like  purchas  start use came know listen music  hrs day use almost  day singl charg happi headphon everyth recommend product read,5,0.288,0.0,0.712,Happy,202,32
165,nice headphon boat super sound qualiti nice  nice product mfd boatread,5,0.637,0.0,0.363,Happy,70,11
166,best headphonesthank flipkart sell get price best earphon price categorygood nice sound  batteri backup   take  hrs charg felt call flicker built could improv hide connect wire earpiecesoveral use jbl  soni headphonesand one good term sound qualiti price read,5,0.289,0.035,0.676,Happy,259,38
167,sound awesom truli love batteri backup boat work well comfort make ear pain  min toler littl bit pain go purchas  saleread,4,0.28,0.21,0.51,Unhappy,122,21
168,great product great pricesord lot search youtub last order itus day write review itreview   best wireless ear headphon great brand valu find con sound qualiti  bass  everyth great compactbatteri pack awesom standbi usag use  dayslook great  stylish pain ear   must buythank youread,5,0.392,0.052,0.556,Happy,281,42
169,good wish master polit help natureread,5,0.735,0.0,0.265,Happy,38,6
170,averag product good enough price rangepro   excel bass  excel  excel batteri  excel ear cushion decent build qualiti good volumecon   mic useless place bad posit cannot catch voic mouth pick unwant surround nois make pathet person talk understand anyth say click sound happen play bluetooth especi voluread,3,0.318,0.099,0.583,Unhappy,306,46
171,good product qualiti music good bass well total best product best product batteri backup good got  rupe offer side head phone packet dustedread,4,0.53,0.0,0.47,Unhappy,143,23
172,write review almost year purchas headphon  excel budget headphon howev extra bass advertis sound qualiti low price  bought headphon bbd sale realli good  wireless connect also good along good batteri backup headphon grip headphon head realli good even sudden head movement enjoy music rhythmic bob head headread,5,0.297,0.035,0.668,Happy,311,47
173,receiv  day open box put head  know happen nextout surpris sound qualiti good sound qualiti feel like watch movi theatr know headphon perform much better glad get realli headphon prove taglin boat plug nirvanathank boat  flipkartread,5,0.261,0.0,0.739,Happy,233,36
174,bought big billion sale rs headphon work far good bass much mention advertisedbut consid price good feel vibrant bass bass boost song amplifi system bass everi song comfort good user new ear headphon feel pain usag normal bass come true headphon stick ear tight headphon read,5,0.327,0.054,0.619,Happy,275,46
175, materi  nice  design  color  batteri back also  bass  good bass boost song  tight ear take everi  min  bass  littl high priceread,3,0.318,0.0,0.682,Unhappy,130,21
176,everyth thing good connect bluetooth make voic call hear perfect voic make low audibl opposit caller think mic work wellread,4,0.257,0.082,0.661,Unhappy,124,20
177,ok give detail review boat rocker   review  pros  light weight similar carri  page notebook sound qualiti best level especi bass simpli superbnois cancel top travel local train often sat near window seat use headphon one day total amaz nois cancel unabl hear littl bit sound run traindual work mode thread,5,0.143,0.07,0.787,Happy,305,50
178,sound qualiti superb bass lover like given price tag one cannot ask anyth better reason give one star less use bluetooth mode microphon work mild disappointmentread,4,0.299,0.069,0.632,Unhappy,164,26
179,bass good like digit return impress flipkart refund  hour money deposit bank account polici impress flipkartread,1,0.483,0.0,0.517,Unhappy,112,16
180,overal good headphon great build qualiti start littl bit uncomfort ear comfort nice headphon go withread,4,0.506,0.0,0.494,Unhappy,104,16
181,awesom productawesom bass  recommend everyon buy bass good batteri backup awesom final sound clearread,5,0.31,0.0,0.69,Happy,102,14
182,headphon much tight earboat think ear made real rocksbut nohuman use headphonesound qualiti good comfort okokbatteri also okokbut price good dealso booght itread,5,0.293,0.0,0.707,Happy,161,23
183,price rang product  sound qualiti good crystal  clear bass also deep product durabl batteri life also good shipment hd taken time approxim  day get cool product mind settl thank boat creation thank flipkart good servic read,5,0.425,0.0,0.575,Happy,223,36
184,review product followingsound qualityit good sound qualiti great bass even maximum volum headphon start vibrat ear vibrat due good bass effect sweet tone supress fan sweet clear music product littl disapoint ar fan rock jazz ang high bass music great younois cancellationwel nois cancel good listner onlyread,5,0.442,0.029,0.529,Happy,308,47
185,amaz sound super bassbatteri life excel aux cabl great qualiti excel trebl base everyth good except design ear pain use  hour continu otherwis great buy got offer ,4,0.474,0.074,0.451,Unhappy,163,27
186,issu bluetooth rang support upto  fit call  fit song get voic breakmic good callingus music n enjoy nice sound qualiti baseread,3,0.542,0.0,0.458,Unhappy,127,21
187,rate product accord price got price  price  ths best avail bluetooth headphon tha marketi use  month still batteri backup like   hour full volum audio qualiti awesom price rang descent low mid perfect equalis high yes perfect fit uncomfortablenessread,5,0.368,0.04,0.592,Happy,251,38
188,awesom product guy go believ bass awesom fab mind blow would also like thank flipkart awesom deliveryread,5,0.364,0.0,0.636,Happy,105,17
189,perform good sound qualiti batteri charg time qualiti materi good except littl tight ear due whichcannot wear  mindu sold itso everi one differ size headbut except problem goodread,3,0.173,0.081,0.746,Unhappy,180,28
190,awesom product guy go believ bass awesom fab mind blow would also like thank flipkart awesom deliveryread,5,0.364,0.0,0.636,Happy,105,17
191,perform good sound qualiti batteri charg time qualiti materi good except littl tight ear due whichcannot wear  mindu sold itso everi one differ size headbut except problem goodread,3,0.173,0.081,0.746,Unhappy,180,28
192,deliv day promis flipkart big up servic come product music produc use audio gear compani like jbl skullcandi sennheis etc noth match boat balanc trebl bass headphon perfect last  charg strong durabl one downsid could find comfort aftr wear around hour ear start pain although take break read,5,0.206,0.057,0.738,Happy,291,48
193,amaz product guy enjoy  month sinc brought still sound qualiti remain superb great custom support deliv door step servicesread,5,0.485,0.0,0.515,Happy,126,19
194,love headphon awesom base awesom sound qualityi buy headphon octob  use  month review price order itom pretti satisfi till give  starread,5,0.174,0.0,0.826,Happy,137,21
195,paid complet satisfi batteri backup  whole anoth level great headphon great batteri backup oh bass superb love aux cableread,4,0.524,0.0,0.476,Unhappy,124,19
196,one best product ever use realli want say must buy enjoy everyon beauti product ever use headphon compar product one thing want say love itread,5,0.415,0.0,0.585,Happy,143,25
197,bass amaz feel like listen long time pain ear start feel use   afterward ear feel pain anyway awesom product clear voic phone call also clearread,4,0.156,0.202,0.642,Unhappy,145,25
198,first review flipkart first purchas boat rockerz  wireless headphon want decent  surround home theater feel excel clear crisp beat around mood listen good music think twice obvious pick product stock end glad product within price rang issu product minor settl within day usag alsoread,5,0.247,0.0,0.753,Happy,284,44
199,best headphon ever use lightweight nice build qualiti superb bass loud time best part nois cancel featur ice cake love product muchread,5,0.52,0.053,0.427,Happy,135,22
200,nice product super sound qualiti battri backup awesom work  hr one time charg bluetooth connect rang good overal nice product call work properlyread,4,0.395,0.0,0.605,Unhappy,148,23
201,good base clear audio look attract stylish good product price rang batteri life also excel mic great conversationread,5,0.6,0.0,0.4,Happy,117,18
202,great headphon nice sound qualiti bass conveni carri perfect snuggl fit around earsgot great bargain  flipkart saleread,5,0.633,0.0,0.367,Happy,119,17
203,excel product high qualiti sound clariti crisp high bassperfect rang wirelessbett jbl moto etcfit well n superb n soft cushionread,5,0.38,0.0,0.62,Happy,130,20
204,awesom got  flipkar  sale good bass sound qualiti better skull candi jbl price rangeand bluetooth connect awesom upto  rang without obstacl good batteri backup upto read,5,0.274,0.0,0.726,Happy,169,26
205,got headphon  price rang headphon sound pretti awesom  base sound abl differenti higher end headphon best part base produc amazingread,5,0.181,0.0,0.819,Happy,134,20
206,around sound build qualiti good except bluetooth connectivityth connect poorit take much time connectand take headphon differ roomleav devic behind bluetooth connect go lostbut room connect work proper read,1,0.094,0.0,0.906,Unhappy,206,29
207,initi think return flipkart approv felt keep itanywaypro sound good bit bass vocal clear  alway depend music video file media playerex flac  audio file poweramp player  hd video dolbi atom batteri last   charg full  hrscon feel tight get use  micthat  monthsif anyth happen postread,5,0.116,0.0,0.884,Happy,282,44
208,nice head phone red n black combin look good sound qualiti nice  impress bass good call purpos poor mic person opposit side cannot hear voic proper good batteri backup headphon tight ear difficult use longer timeread,4,0.345,0.112,0.542,Unhappy,216,36
209,nice product high bass qualiti headphon ear damag heat problem long use charg  hr give long backup ie near  hrspleas avoid charg good batteri backup nice good productif peopl want enjoy music word choos oneveri best productread,5,0.379,0.092,0.528,Happy,227,37
210,pros    good sound qualitynot much better local simpl earphon    nice connectivityutna bhi nahicon    ear pain use  around  minneed soft materi speaker soft part read,1,0.27,0.103,0.627,Unhappy,166,24
211,good product good conect good sound good batteri backup use three day problem reagard fit pain wear fifteen minut  think everi rather go ear ear headphon trust headphon comfortableread,3,0.392,0.135,0.473,Unhappy,184,29
212,thank flipkart good packag safe deliveri headphon awesom say spec mention everyth fantast  except comfort listen   hour nice   overal nice choic listen  profession also expect price rang   awesom price go  sure love thisread,5,0.478,0.0,0.522,Happy,224,33
213,product good  vocal clariti good  price rang goodread,1,0.492,0.0,0.508,Unhappy,53,8
214,first would like appreci deliveri time within day got product deliv result product good expect though found product avail lower price websit prefer flipkart trust flipkart deliv duplic refurbish product thank flipkartread,4,0.277,0.054,0.668,Unhappy,221,32
215,amaz sound excel charg pickup good model  thank flipkart read,5,0.545,0.0,0.455,Happy,61,10
216,receiv quick deliveri flipkart headphon light weight foldabl make easi carri sound qualiti decent bluetooth connect good neget aspect devic call qualiti terribl hear person microphon devic poor audibl end definit support handsfre call tri use cabl call improv much isread,3,0.12,0.066,0.814,Unhappy,271,41
217,love product muchi like bassand beat love thnx boat flipkartread,5,0.609,0.0,0.391,Happy,64,10
218,best boom headset ever price rang great sound qualiti  dual mode wire wireless us awesomeread,5,0.39,0.0,0.61,Happy,93,15
219,excel bass great sound easi connect solid design littl bit uncomfort got good qualiti long aux  charg cabk got  must buy price also boat great serviceread,5,0.428,0.0,0.572,Happy,154,26
220, month bought honest reviewmateri qualiti pretti good mic good talk phoneon easili hear song r play anyon nearbi youread,4,0.451,0.0,0.549,Unhappy,120,19
221,honest product great good sound qualiti light durabl bodi reason price batteri back good featur great quit tight painful ear use long hour day get use opinion best product anyon get price excel qualiti give tri thank boat read,5,0.451,0.048,0.501,Happy,226,39
222,say use product  day bit tight like cannotinfact use  min fit good design awesom  sound qualiti fabul bass also good strong recommend product like listen music goread,5,0.488,0.0,0.512,Happy,166,27
223,get better output aux cabl bluetooth mode honor  lite use redmi note  output bluetooth better auxread,4,0.409,0.0,0.591,Unhappy,101,16
224,pack boat headset awesom qualiti like beastflipkart make good progress pack qualiti checkingbass fabulousand comfort use itthank deliv boat headset super speedthi headset order  came hand keep flipkart faster deliveryread,5,0.426,0.0,0.574,Happy,221,30
225,superb bass price rang suitabl laptop nice pubg voic also clearread,5,0.434,0.0,0.566,Happy,67,11
226,headphon awesom  may feel inconveni headphon tight  may uncomfort upto day come sound qualiti good bass awesom  listen use wire bass high compar bluetooth slip head even runningfin good product give  rate itread,5,0.158,0.0,0.842,Happy,211,33
227,sound qualiti bass amaz headphin clear high mid amaz impress premium look matt black finish thin red line amaz thing headphon valu moneyread,5,0.208,0.0,0.792,Happy,140,23
228, day experi good headphon awesom qualiti sound biggest thing also connect wire best featur satisfi base  star give  starread,4,0.295,0.0,0.705,Unhappy,124,19
229,thank much flipkart excel product budget ok thank much flipkart  super bass sound qualiti excel tqread,5,0.631,0.0,0.369,Happy,102,16
230,pros batteri last long day bass good price attach cabl batteri dead connect fast bluetoothcon wear minimum  minut ear   hurt sometim give connect problem sometim hear littl beep sound connect bluetooth audio qualiti good bass lover liter cannot hear vocal sometimesread,3,0.175,0.189,0.636,Unhappy,269,41
231,batteri backup ashvatthama deni die  straightaway  hour travel could end charg  work pretti well control great  easi respons true wireless freedom  satisfi read,5,0.376,0.111,0.513,Happy,160,23
232,batteri backup awesom design good work well distanc  connect easili easi use wellread,5,0.312,0.0,0.688,Happy,85,13
233,sound qualiti awesom  bass unbeliev compar also pretti look give  star excess bass littl uncomfort design continu use  hour becom littl uncomfort   nois cancel  quiet good price segment     keen lover listen song better chois read,4,0.274,0.045,0.68,Unhappy,230,35
234,worth money headphon peopl metal ear pain long use  cushion soft arramg soft bluetooth rang expect much suitabl bluetooth callinga small dot sound audibl use low volum whenev notif come phone dot sound produc  better use aux cableread,4,0.109,0.122,0.769,Unhappy,234,38
235,best one thereon cool featur cabl connect option handi devic run batteryth voic guidanc anoth cool thisguy blind go got everyth need worth everi penni paid forth sound also best class spend hour sure find better  price rangeread,5,0.381,0.051,0.568,Happy,228,38
236,nice one write review use  month get problem till date headphon definit recommend everyon buy  bought cheaper price  thorough flipkart itselfnic sound nice bass nice bluetooth rang kept line line headphon nice look nice batteri backup definit use contineusli least  hour best part get aux cabl support tooread,5,0.359,0.041,0.599,Happy,309,48
237,satisfi headphon qualityto tell actual headphon base centric mid high lack bit regular listen silent bollywood song choic edm lover sure purchas best thatcomfort foam earpiec soft ear bit larger may hurt wear thse  hr rest issu rang pretti goodtil  feet seem less experi  bit loss sounread,5,0.174,0.131,0.694,Happy,289,47
238,product good bass sound clariti superb call answer option wirelessth best one got boat look wirless headset long timebut prize  bit higher timeso wait offer period luckili got best buy  almost mi second purchas boat keep qualiti maintain timei satisfi purchaserecommend everyon look read,5,0.324,0.0,0.676,Happy,287,44
239,fabol product got watch mani review youtub product final purchas  inrand got superlight weight accessori deliev crisp clear sound perfect bass balanc also wireless conect aux cabl fullfil condit batteru backup mention box ie  hour  go blind instead buy jbl moto pulsepuls max read,5,0.126,0.054,0.82,Happy,280,44
240,great headset fantast bass wireless capabl good batteri backup simpli superb use call pleas avoid inbuilt mic bad expect comfort definit make ear pain get much price problrm might serious overal great headphoneread,4,0.34,0.198,0.462,Unhappy,214,33
241,awesom bass awesom sound comfort ear problem bluetooth connect weaken frequent get jump lyric sec listen song avoid got irrit occur coupl number time ohh batteri last long enough return product might manufactur defect order boat wireless   let us see one goesread,4,0.076,0.202,0.721,Unhappy,263,42
242,hi guy recent brought headphon use headphon decent price rang got  buck optim sound achiev equil pair fair easi batteri also decent ear puff comfort littl bigger softer puff would great build qualiti also fair decent issu face microphon other abl hear properread,3,0.223,0.0,0.777,Unhappy,262,43
243,want got inr  serious love product boat team done except well thump provid stellio along bass one listen high recommend product kudo team boatrep reviewdeduct  star pain caus ear type headach listen  minsguy need work structur comfort  headphoneshop get ruderead,3,0.251,0.092,0.657,Unhappy,262,40
244,awesom high recommend one use jbl soni one far better cannot find better wireless headphon  bass sound clariti awesom amaz play wireread,5,0.373,0.0,0.627,Happy,136,22
245,accord price good product sound qualiti realli amaz sound depend cell phone sound use gione give good soungd deep bassbut rang bluetooth bad work less  meter distanceread,4,0.174,0.105,0.721,Unhappy,170,27
246,light fit perfect tight head good bass audiophil  thumb  day deliveri form purchas day sound superb great bass coz  notebluetooth work good batteri backup also good easili play movi music upto  hour take  hour chargethank flipkartread,5,0.477,0.0,0.523,Happy,234,36
247,headphon awesom bass crystal clear music batteri backup  hour  say confirm best headphon  headphon bass beat also small sound clear   envent headphon acoust hear music deep headphon best rap  song listenersread,5,0.335,0.0,0.665,Happy,210,31
248,purchas headphon around  rs freedom sale flipkart thank super fast deliveri alway bluetooth headset  great soundbass great ok import batteri life awesom bluetooth headset batteri life alway concern perfectin term batteryand also one good thing receiv call well also get aux cabl case want use mobil  read,5,0.418,0.0,0.582,Happy,304,47
249,item sound good refund option avail  plz go item tot wastag timeread,1,0.296,0.0,0.704,Unhappy,68,12
250,headphon absolut garbag use month alreadi one side stop work  disappointedread,2,0.0,0.18,0.82,Unhappy,78,11
251,nice headphon thing bassbatteri etc good nice condit cameread,5,0.586,0.0,0.414,Happy,61,9
252,disappoint sound qualiti deliv good bass batteri backup good honestalso good comfort cushion earsif interest sound qualiti better look jbl sonyread,3,0.506,0.08,0.414,Unhappy,147,21
253,sound clariti good bass super extrdinari build qualiti nice super product like itread,4,0.667,0.0,0.333,Unhappy,85,13
254,excel product good sound pricegood qualiti nice productit light watei like headsetit work full work jack bluetooth talk headphon power speakerread,5,0.397,0.0,0.603,Happy,146,21
255,write review use one weeki happili say headphon awesomesound pretti goodbass design also goodand import thing perfect tight earsthi much worthi product price rangei got  salebut price enough buy productbeliev go never regret rangeread,5,0.159,0.0,0.841,Happy,234,34
256,look design simpli awesom headphon day receiv item glad use feel sound flicker hang increas great extentand rang connect decent got either disconnect hang  meter rang roomunfortun cannot return product get refund want replac thison thing opportun take decis go mread,3,0.181,0.0,0.819,Unhappy,266,41
257,one best headset price rang  thing like capabl wire connect batteri charg use cabl provid believ sound qualiti better wire connect compar bluetooth would definit recommend buy  one best rangeread,4,0.395,0.0,0.605,Unhappy,195,30
258,nice design good product sound nice wire wireless aux connect dell laptopread,4,0.486,0.0,0.514,Unhappy,77,12
259,almost nice good productwith nice audio clearanc sound qualiti bass power batteri backupread,4,0.433,0.0,0.567,Unhappy,92,13
260,nice design good product sound nice wire wireless aux connect dell laptopread,4,0.486,0.0,0.514,Unhappy,77,12
261,almost nice good productwith nice audio clearanc sound qualiti bass power batteri backupread,4,0.433,0.0,0.567,Unhappy,92,13
262,like ear headset buy boat rocker  best headset love read,4,0.609,0.0,0.391,Unhappy,56,10
263,first china productand button delic connect smart tv voic clear  sometim cannot hear  sidebut also excel bass beginingand think origin boat headphonesread,5,0.304,0.0,0.696,Happy,154,22
264,nice satisfi product sound qualiti time superb support bass till listenread,5,0.545,0.0,0.455,Happy,75,11
265,awesom qualiti headset nois cancel bass good best listen music build qualiti good littl big good got   write review  week valu moneyread,5,0.404,0.063,0.533,Happy,136,22
266,nice product batteri backup nice sound awesom bass superbread,5,0.444,0.0,0.556,Happy,61,9
267,got son onlin school find help farproslook goodsound qualiti goodfit well  heatconsspeakerm clear time voic breakingcontinu usag caus ear pain  discomfort take break volum control button work wellread,4,0.203,0.167,0.63,Unhappy,200,28
268,fast good pros good sound qualiti good bass  good batteri life con microphon good  wire one may posit sometim voic audibl receiv end otherwis excel product worth moneyread,4,0.48,0.0,0.52,Unhappy,171,28
269,product good deliveri  nice best suggest  order flipkart  take time deliv product box open receiv  itread,5,0.432,0.0,0.568,Happy,105,16
270,experi headphon good speaker qualiti good base bluetooth connect paus play music creat distort beep sound play music microphon qualiti headset got bad person cannot hear proper phone call hear distort sound place overal mic qualiti bad design great feel classi headread,4,0.248,0.196,0.556,Unhappy,269,42
271,purchas product good deal excel audio thump bass great batteryamaz product would suggest everyon buy awesom headphoneread,5,0.417,0.0,0.583,Happy,121,17
272,bought one half year still work good problem thatnic product boatbass goodbut plastic qualiti improverec broke problem speaker awesom product must improv plastic qualitypack good thank flipkartread,5,0.221,0.219,0.56,Happy,197,27
273,product realli good product price rang use last one week think give  hour batteri backup base good overal sound good talk design look excel white  green combin product look realli premium one anoth good thing foldabl make easi carri overal product realli good product price rangeread,5,0.304,0.0,0.696,Happy,283,46
274,use  day found nice product buy good sound good bluetooth rang usb cabl also given overal good product buy averag price rangeread,5,0.39,0.0,0.61,Happy,129,22
275,okay first thing good qualiti use week issu far sound qualiti awesom like theatr also batteri backup good use   hrs straight connect issu problem fit tight hurt hear due prolong usag possibl give  rate recommend guy go black one becoz cloth like textur hread,4,0.328,0.102,0.57,Unhappy,258,44
276,love product nd thank much flipkart chip price boat rockerz  bluetooth headset nd bass ifect awsm nd sound also goodread,5,0.271,0.0,0.729,Happy,120,20
277,boat rockerz headset realli awsom  sound qualiti bas everyth  nd flipcart servic also awesom amravati guy come deliveri good guy deliverd deliveri timeread,4,0.116,0.0,0.884,Unhappy,155,23
278,sound qualiti jabardast call bcz like dj sound call  music purpos good like djbateri like  hour super bateri life read,5,0.488,0.0,0.512,Happy,118,20
279,realli like sound like design like batteri backup good product wastag moneyread,5,0.565,0.0,0.435,Happy,79,12
280, high ultra deep base sound feel like  good batteri backup standbi upto   good sound  light weight like  gram  cool design easili foldabl carri outread,4,0.408,0.0,0.592,Unhappy,151,24
281,nice product cool total save desgin headphon sound qualiti perfect comfort fold box total price compers much better productread,5,0.572,0.0,0.428,Happy,127,19
282,boat rockerz  sound qualiti  perfect bass awesom batteri life good see  desgin headset good comfort start use  ear start sweat feel uncomfort lock ear tight loosen fit ear start slip overal good product low cost boat tought design first read,3,0.331,0.04,0.629,Unhappy,241,40
283,nice headphon excel sound qualiti easi toggl comfort well worth price would sayread,5,0.606,0.0,0.394,Happy,83,13
284,bass sound aswsom face issu sound bass awesom feel like djparti best woofer bass mindblow comfort level lottl low boat make headphon oval shape circl ypu eye start pa within  min  use month mayb get loosebut boat make shape littl oval style perfect fir ear asread,5,0.23,0.037,0.732,Happy,263,46
285,although best market worth everi penni inr  buy cool headphon must buy one best sell product flipkart yes forgot  free cabl plz like reviewread,5,0.583,0.0,0.417,Happy,143,24
286,everyth nice headphon  design qualiti like premium  seem littl tight howev good product priceworthi one must buy price  rsread,5,0.339,0.0,0.661,Happy,126,19
287,awesom use headphon last  month worth everi penni problem cannot wear long use otherwis  best spend time listen  love itread,4,0.355,0.093,0.552,Unhappy,124,20
288,best sound  qualiti   perfect bass  build qualiti good  aux cabl defect led  light good read,5,0.525,0.092,0.383,Happy,92,15
289,good product afford price smooth sound music  bass moder feel good listenread,5,0.367,0.0,0.633,Happy,77,12
290,headphon good work reduc sound song given return back  correct right make sound song  notread,5,0.172,0.0,0.828,Happy,93,15
291,product awesom  design perfect everyth ok audio cabl long  brand usb cabl  feel like heaven read,5,0.494,0.0,0.506,Happy,96,16
292,headphon love much upto nowit everyth want clear loud sound high connect bluetooth tri phone laptop seem perfect devicesth red colour varient classic design feel standard get one aux cabl also allow us use wire also instead bluetoothyou use aux cabl charg lowth main factor ie batteri long backup upto  hour surpris product aread,5,0.219,0.0,0.781,Happy,329,54
293,good headphon afford pricebut  poor bluetooth connect mean hard  meter averag batteri life charg everi  hour usageotherwis good headphon price rangereview written  month regular usag reli thisalso deliveri servic flipkart awesom deliv product befor timeread,3,0.14,0.109,0.751,Unhappy,257,35
294,good design sound qualiti batteri backup pain free ear headphon consrang good enough hard  feet also go behind half wall dropscannot connect multipl devic laptop  phone like othersread,4,0.303,0.123,0.574,Unhappy,184,28
295,amaz product sound bass awesom  batteri backup great  go without hesit  love headset  use  month tnx flipkart read,5,0.252,0.137,0.611,Happy,114,18
296,nice product  strong  light weight  also fit  yrs son class  enjoy onlin classesread,4,0.567,0.0,0.433,Unhappy,84,13
297,sure feedback valuableth boat compani reach give feedback make senseso great sound much clear call decent import littl softer grip skull tightread,4,0.359,0.0,0.641,Unhappy,146,22
298,awesom bass sound qualiti good batteri long life purchas rs realli grate product forget likeread,5,0.163,0.107,0.73,Happy,96,15
299,hear lot thing fact sound qualiti realli awesom bass excel look design perfect yaar bass dil chu liya pubg v buht mast kaam kar raha hai latenc time perfect micro second matterbut one thing play pubg set volum moder level otherwis due high bass ear get pain headach sound qualiti lajawaabread,5,0.209,0.054,0.736,Happy,292,51
300,receiv today thank fast deliveri first second time purchas headphon rang headphon like dream read,5,0.368,0.0,0.632,Happy,97,15
301,love headphon amaz super easi use would person recommend muchbut one problem work meet googl meet cath voic especi meet laptopread,4,0.35,0.089,0.561,Unhappy,130,21
302,bought headphon  june  day use far batteri backup superb price segment sound bass crystal clear nois cancel work well small complaint regard design wear hour ear star pain due small ear cap tight build overal good product peopl compris ear painread,4,0.22,0.141,0.639,Unhappy,248,41
303,valu money excel sound qualiti  mic realli good person hear voic low pitch although everi thing perfect fineread,4,0.374,0.082,0.545,Unhappy,112,18
304,headaphon amaz qualiti boat promis give borrow  day back love sound qualitybassvalu money sound clearanc design nd batteri power best compar other brandread,5,0.286,0.0,0.714,Happy,156,23
305,amaz produt price  super sound qualiti bass also soooooo good   produc use bluetooth wire supp productread,5,0.327,0.0,0.673,Happy,106,16
306,bought may  june   complet stop work charg work connect charger audio clear eithernot recommend  buy product rang go earphon rather headphonesread,2,0.202,0.087,0.711,Unhappy,146,21
307,person like boat brand purchas design  sound con  fit  mic work proper comfort ear way overal good product purchas rs  covid lockdownread,3,0.366,0.0,0.634,Unhappy,137,22
308,go nice sound good clariti fastest connectionread,4,0.533,0.0,0.467,Unhappy,49,7
309,genuin repli feedback batteri backup stand expect hard work  half hour most like colour design comfort cushion hard ear hold  minut litter use devic rather would refer buy muve aucost headphon rang way comfort cushion backup  stun detaail musicread,1,0.175,0.063,0.762,Unhappy,248,39
310,awesom built qualiti might purchas offer spent may coupl hundr worth everi penni easili connect via wireless latest devic laptop good rang clariti use rough tough useread,5,0.158,0.05,0.792,Happy,170,27
311,batteri backup okay general give  hrs usag full charg batteri die number time notifi get irrit abl listen anyth except notif batteri lowth microphon perform realli bad seem like talk distanceth ear pad small comfort use  min want use hour good start hurt youth soread,3,0.209,0.182,0.608,Unhappy,267,45
312,mic work proper especi call sound qualiti good bass excel good  buck batteri backup mark final good productread,4,0.455,0.0,0.545,Unhappy,111,18
313,use  yr satisfi product    sound qualiti awsom loud lover bestread,4,0.297,0.0,0.703,Unhappy,66,10
314,sound qualiti way gud review non function side  use aux cabl surpris side work love also support smart tvread,5,0.375,0.0,0.625,Happy,109,19
315,awesom sound bass made plastic okey use good qualiti perfect price iam happyread,5,0.375,0.0,0.625,Happy,80,13
316,stuff realli great price rang write review use weekpro superb bass  realli super extra bass sound qualiti great  great  design awesom great look whether wear keep  aux cabl real help  liter need think much batteri  batteri life awesomecon headband tight make uncomfort use forread,4,0.423,0.0,0.577,Unhappy,280,44
317,product cool sexi looksbut cushn much goodbass isnic qualiti sound grtover nice product read,4,0.298,0.0,0.702,Unhappy,92,14
318,review  week usageit one top qualiti product boat nice sound qualiti  amaz bass although got issu regard connect keep asid awesom productread,4,0.187,0.0,0.813,Unhappy,141,22
319,nice product even pack good even  day deleveri love product thank vri muchread,5,0.579,0.0,0.421,Happy,78,13
320,nice flipkart l love manag thank much gave nice productread,5,0.711,0.0,0.289,Happy,59,10
321,good sound qualiti good product  easi connect bluetooth prefer buy itread,5,0.392,0.0,0.608,Happy,73,11
322,write review  day usageth sound qualiti rich impress along bass make feel music nois cancel also great batteri backup excel although found littl discomfort ear   continu usag headset littl tight overal great headphon consid price rang great job done boat thank flipkartread,5,0.391,0.077,0.531,Happy,273,42
323,earlob hurt even  minut usagebass loud good think one go overtheear model better feel music nois cancel batteri backup dual usag mode especi good devic even mic problem suchbut  high doubt build qualiti suspect last long  definit cannot pack suitcas carri bag lest break safe place neckoveral serv purpos bread,3,0.177,0.196,0.627,Unhappy,310,50
324,nice head phone sound qualiti good batteri back also fine goe con found ear bud small continu use may lead pain earsbuild qualiti also strong nice productiam proud china product made india product,4,0.363,0.072,0.565,Unhappy,196,33
325,worth money month aux cabl got non function sound qualiti like headphon avail footpath market electron product seller train batteri strong backup use upto  day without charg cannot hold  min ear muscler pain play game like pubg connect bluetooth sound effect lag time prosbatteri backupnois cancellationconssound qualitybuilread,3,0.216,0.098,0.686,Unhappy,328,47
326,good qualiti boat  rocker best headphon bass qualiti good  thank filpkartread,5,0.641,0.0,0.359,Happy,77,11
327,good bass sound qualiti good best clariti enjoy wire modebluetooth mode sound qualiti  mode sound qualiti  money ,5,0.504,0.0,0.496,Happy,113,17
328,cannot better product low price love use buy without doubt seen lack till full qualiti well good sound jay hind read,5,0.479,0.076,0.445,Happy,116,21
329,best headphon regular use use till date point know buy   strap get lossen pretti soon  bluetooth good rang good  problem big recommend product everi oneread,5,0.355,0.077,0.568,Happy,156,25
330,use   month bass excellentit like nois cancel headphonesth sound goodbut sometim right one make troubl connect bluetoothbut due wireprovid defectit occur connect bluetoothbut overal nice stylish headset experi music ignor worldread,3,0.15,0.057,0.793,Unhappy,231,31
331,valu moneynic bass  look pretti good price segment realli bass punchi recommend buy mi phone connect aux sound enhancerveryy good productread,4,0.316,0.0,0.684,Unhappy,141,21
332,genuin review sound qualiti nice clear bass averag recommend boat rockerz build qualiti wast broke  monthsmic averag  clearwhen music chang small bit disturb like show best power bass boat rockerz  bestread,1,0.331,0.125,0.544,Unhappy,206,31
333,honest review boat rockerz  product realli awesom buy headphon play gamessong etcit batteri life  hour charg time  hour also extra bass problem soundand realli awesomeread,5,0.187,0.089,0.724,Happy,171,25
334,headset look good sound qualiti also good rangebut within next  minut wear hurt earsin first use frustrat spend time use boat found perfect way wear itoveral good headphonejust learn perfect way adjust earsread,4,0.346,0.073,0.581,Unhappy,210,33
335,excel  sound qualiti good work well must buyread,5,0.615,0.0,0.385,Happy,48,8
336,best bluetooth headset ever use  word describ product love  go love itread,5,0.583,0.0,0.417,Happy,74,12
337,materi qualiti best well sound bass superb lockdown receiv order within  dayread,5,0.536,0.0,0.464,Happy,80,12
338,mic qualiti good headphon realli nice love sound qualiti bass qualiti good nois cancel mic better call experienceread,4,0.529,0.067,0.404,Unhappy,117,18
339,good product price sound qualiti good experienc issu use month whenev watch video sound goe mute rewind video unmut give extra wire headphon along usb design rock well built key okay improv littl bit batteri life good start drain frequent littl long useread,4,0.25,0.0,0.75,Unhappy,257,43
340,truli happi flipcart head phone extrem work good best prize rangei would like recommend guy go head phoneread,5,0.542,0.0,0.458,Happy,109,18
341,superb sound nice everyth blockbust product thank much flipkart love allread,5,0.66,0.0,0.34,Happy,76,11
342,quit rock solid perform sound qualiti better compar product market definit worth buy took lot review read happi purchaseread,4,0.286,0.0,0.714,Unhappy,124,19
343,bass heavi expect like premium headphon sound qualiti good excel good deal  bucksread,3,0.557,0.0,0.443,Unhappy,85,13
344,use  day readi say someth boat rckrs  design sound qualitybass batteri backup super condit use full day charg one half  hour product abl give full day batteri life  perform btri go low thn take tnsn abl use aux cabl short product best  amount go itread,5,0.155,0.04,0.805,Happy,252,45
345,love headphon great qualiti perfect colour combo super extra bass effect handi read,5,0.639,0.0,0.361,Happy,83,13
346,extraordinari sound feel top world good work boatread,5,0.439,0.0,0.561,Happy,53,8
347,good bass good sound use best playingread,5,0.714,0.0,0.286,Happy,41,7
348,good productbass clear  feel comfort weari got  day order fast deliveri isread,5,0.471,0.0,0.529,Happy,78,12
349,use headphon  month  month band break band qualiti low better buy good qualiti headphon till  month run realli fantast disappoint band qualiti go headphon better bluetooth version also lowread,2,0.232,0.128,0.64,Unhappy,192,29
350,nice product worthi money batteri backup realli good  month good backup sound goodread,5,0.462,0.0,0.538,Happy,86,13
351,comfort look awesom sound good bass good  accord point view good music lover batteri awesom  happi product use first give feedback use  monthread,5,0.455,0.0,0.545,Happy,145,23
352,superb qualiti littl bit tightbluetooth connect averagebass clear high want good sound qualiti good bass wireless headphon go itread,5,0.496,0.0,0.504,Happy,132,19
353,nice headphon unabl make clear convers caller abl hear voic clear side possibl better purchas boat headphon  rang without bluetoothread,5,0.405,0.0,0.595,Happy,135,20
354,best ever headphon ever bought sound qualiti awesom design also cool worth everi penni compar  skullcandyread,5,0.393,0.0,0.607,Happy,109,16
355,sound good decent bass good batteri backup got special price rs worth money noic cancel bad other cannot hear us noici place travel overal good product price rangeread,4,0.334,0.138,0.528,Unhappy,167,28
356,suitabl call call get lot noic abl hear audio clear side good call good enough musicread,2,0.393,0.0,0.607,Unhappy,88,16
357,auxiliari cabl work good overal product good suffici charg good sound qualiti good blutooth rangeread,4,0.513,0.0,0.487,Unhappy,101,15
358,loo comfort one choic short ear  recommend buy sound qualiti fabul read,3,0.333,0.0,0.667,Unhappy,71,12
359,headphon awesom perform superb absolut recommend buy sound qualiti excel bass also awesom built qualiti total amaz best headphon ever valu money alsoread,5,0.421,0.0,0.579,Happy,153,23
360,awesom sound qualiti batteri backup amaz comfort look wise love productread,5,0.551,0.0,0.449,Happy,75,11
361,awesom product awesom sound qualiti deep bass person opinion buy reason price  thank flipkart awesom productread,5,0.143,0.0,0.857,Happy,112,16
362,good connect problemand call alway lag sound qualiti excel base realli much excel  batteri backup goodal good bcz old version bluetooth mayb call lagsread,3,0.355,0.072,0.572,Unhappy,154,24
363,good qualiti good style great experi bass boost wireless comfort pubg also search good wireless wire headphon best headphon love itread,4,0.67,0.0,0.33,Unhappy,135,21
364,love boat rockerz  batteri backup amaz fit also perfect earcup easili adjust bass also good also love color  like almost everyth headphon wear gym everyday sweatproof remov wipe sweat get accumul earcup incom outgo call facil amaz overal best buyread,4,0.423,0.0,0.577,Unhappy,250,40
365,good experi got headset wich onsid litl sound low  bass extrem good good experienceread,3,0.418,0.101,0.481,Unhappy,87,14
366,well use  month worth rs  sound qualiti pretti good look also good although bit tight ear initi would say loosen fit comfort level sound actual good bluetooth rang bad loos connect get room mic also work proper sometim get inr  go although compar mivi headphonesread,4,0.304,0.06,0.636,Unhappy,266,45
367,omg valu money product commit compani bass awesom  build qualiti good budget buy headphon  person recommend go nice productread,5,0.409,0.0,0.591,Happy,127,19
368,headphon good order twice best bass sound qualiti  look headphon good look desirableread,5,0.5,0.0,0.5,Happy,88,13
369,well use  month worth rs  sound qualiti pretti good look also good although bit tight ear initi would say loosen fit comfort level sound actual good bluetooth rang bad loos connect get room mic also work proper sometim get inr  go although compar mivi headphonesread,4,0.304,0.06,0.636,Unhappy,266,45
370,omg valu money product commit compani bass awesom  build qualiti good budget buy headphon  person recommend go nice productread,5,0.409,0.0,0.591,Happy,127,19
371,headphon good order twice best bass sound qualiti  look headphon good look desirableread,5,0.5,0.0,0.5,Happy,88,13
372,superb headphon sound clear speak person inbuilt mic ok use  bluetooth also inbuilt aux output overal awesom speaker thank provid headphon thank fast deliveryread,5,0.422,0.0,0.578,Happy,162,24
373,mind blow awesom brilliant gadget perfect travel light easi carri charg super fast sound qualiti amaz price itread,5,0.432,0.0,0.568,Happy,114,18
374,worth buy super power super base total budget friend handyread,5,0.683,0.0,0.317,Happy,62,10
375,nice product truatabl brand boat  batteri qualiti phenomin bass decent audio also averag worth buy ho itread,5,0.239,0.0,0.761,Happy,108,17
376,cannot express good good enoughsound outstand bass outstand batteri backup outstand everyth outstand productread,5,0.0,0.286,0.714,Happy,112,14
377,great wireless weird use bass great work good devic batteri backup also goodfor max sound gave  hr backupread,5,0.414,0.063,0.522,Happy,109,18
378,good pain ear smooth ear compat although sound bass qualiti better product rangeread,4,0.304,0.173,0.524,Unhappy,84,13
379,almost year purchas thisapril  work date use first timether one drawback gave  star mic good call play game work awesom call voic clear siderest assur best headphon price rang would tell go itread,4,0.294,0.0,0.706,Unhappy,196,33
380,super sound awesom bass good dj song batteri back also good got aginst  rs realli realli nice headphoneread,5,0.472,0.0,0.528,Happy,107,18
381,overal product nice  look stylish  light weight sound qualiti also goodread,4,0.219,0.0,0.781,Unhappy,75,11
382, day use write review  first amaz product boat perform sound qualiti awesom bass kick ear build qualiti good wear ear think wil break easiley nop strong build qualiti assurepro bass extrem battrey backup superbuild qualiti cool     consyou realis ear pain minut first time becom comfortablei reciev read,5,0.155,0.06,0.785,Happy,303,47
383,buy child like muchit also good play royal battl game also like muchread,5,0.534,0.0,0.466,Happy,72,13
384,good productam write use  month satisfi love itread,5,0.542,0.0,0.458,Happy,51,8
385,want buy listen song superb mind blowingif want buy call good bcoz sometim cannot talk clear wise buy itread,4,0.351,0.173,0.476,Unhappy,108,19
386,realli perform good son like much best qualiti love product flipkartread,5,0.663,0.0,0.337,Happy,72,11
387,good product trust productread,5,0.756,0.0,0.244,Happy,30,4
388,veri good night fast deliveri good product sound base well batteri backup good goodread,4,0.519,0.0,0.481,Unhappy,87,14
389,good product worth money buy  boat rockerz  better oneread,4,0.562,0.0,0.438,Unhappy,58,9
390,honest review use coupl day pleas rememb buy headphonesprossuperb bass sound qualiti nois cancel superb use bus abl hear sound come price product realli low price get product look definit awesomeconsbluetooth connect poor bluetooth version  lag sometim might feel small gread,5,0.142,0.185,0.673,Happy,275,41
391,think decent averag headphon moder sound bass max   hrs batteri sustain accord usag well quit comfort wear carri huge drawback headphon microphon work nois cancel headphonesread,3,0.223,0.065,0.712,Unhappy,177,26
392,think headphon par beyond expect good way expect strong bass sound qualiti premium afford pricelov design give sporti look easi carri kudo boat manufactur team thank lot flipkart offer rs  onlybass lover  best buy afford priceread,5,0.35,0.0,0.65,Happy,230,36
393,realli good experi boat rockerz  good qualiti sound  bass imp thing headphon   easili foldabl nd easili pickup exercis game time  realli thnx boat compani beauti product  nd wish definit make differ headi best head  keep guy read,4,0.278,0.0,0.722,Unhappy,229,37
394,overal nice product  bass good  voic accuraci littl inaccur play song  batteri backup also good  rang actual  within  rang use overal good product say  best valu money deal special sale  littl tight ear  use day long  except mention issu niceread,4,0.387,0.0,0.613,Unhappy,246,40
395,boat rocker  typic budget friend purchas  got  definit worth valu say  bass great support well  might tight ear first day perfect valuabl productread,5,0.51,0.0,0.49,Happy,149,23
396,boat rocker best choic buy buget headphon bass nice bulid qualiti also good comfort long period useread,4,0.488,0.0,0.512,Unhappy,103,17
397,amaz deliveri flipkart simpli superb product love clear sound clariti nice bass  worthabl price ,4,0.578,0.0,0.422,Unhappy,96,14
398,wow headphon super super voic  batteri also good best headphon  got  rs wow  cheap  thank flipkart love flipkartread,5,0.745,0.0,0.255,Happy,116,18
399,boat rocker  typic budget friend purchas  got  definit worth valu say  bass great support well  might tight ear first day perfect valuabl productread,5,0.51,0.0,0.49,Happy,149,23
400,boat rocker best choic buy buget headphon bass nice bulid qualiti also good comfort long period useread,4,0.488,0.0,0.512,Unhappy,103,17
401,amaz deliveri flipkart simpli superb product love clear sound clariti nice bass  worthabl price ,4,0.578,0.0,0.422,Unhappy,96,14
402,wow headphon super super voic  batteri also good best headphon  got  rs wow  cheap  thank flipkart love flipkartread,5,0.745,0.0,0.255,Happy,116,18
403,suburb amaz product love suggest  buy boat headphon flipkart nice seller fast deliveri ekartread,5,0.368,0.0,0.632,Happy,96,14
404,boat rockerz product good littl bit disappoint hardwar  made strong otherwis product awsm sound qualiti superbbluetooth rang also good bass superb feel song headphon love itread,5,0.434,0.067,0.499,Happy,177,26
405,stun product look phenomen  compat head come topnotch qualiti reason price tagread,4,0.0,0.0,1.0,Unhappy,82,12
406,volum  person besid also enjoy song lol bluetooth qualiti good put mobol pocket bag music becom glitchi anyway good price though better bluetooth qualiti sound concel qualiti suggest increac budget one fine priceread,4,0.379,0.0,0.621,Unhappy,216,33
407,awesom best bassit pretti light weight trebl coolabov best budget headphoneread,5,0.483,0.0,0.517,Happy,79,11
408,good productr happi flipkart servic areaand product also niceand base goodread,5,0.225,0.0,0.775,Happy,78,11
409,wonder full product happi way work sound qualiti  continui use longer period  ear hurt  deliveri flipkart timeread,4,0.0,0.175,0.825,Unhappy,114,17
410,perfect one whose look balanc audibl better bass experi enhanc rich music extra bass distract good qualiti sound  happi product read,4,0.419,0.07,0.511,Unhappy,132,21
411,sound qualiti great also compact size make easi usag travel  love itread,5,0.454,0.0,0.546,Happy,72,12
412,amaz headphon  use main game minimalzero latencyyou hear everi detail game realli help portabl build best would say definit lightest wireless headphon around confid worth moneysometim use laptop use  cabl happi itread,5,0.233,0.0,0.767,Happy,217,32
413,better product good sound qualiti two way useabl thank sellerread,5,0.542,0.0,0.458,Happy,65,10
414,pretti  good   everyth fine     thing  order   decemb   show would  reach  th decemb   decemb   got  decemb     almost  lost hope product  thank god got thisread,4,0.42,0.065,0.516,Unhappy,161,23
415,first flipkart deliv agent behavior good reliablesecond boat headphon qualiti durabl good far aspect ed fascin alsolast thank flipkart grate  product deliveri recommend everyon buy productread,5,0.329,0.0,0.671,Happy,192,26
416,pros  good qualiti materi use  handl day day use easili  good qualiti sound  bass ok con  rang low  connect problem crowd place like bustrain best price rang read,4,0.363,0.119,0.519,Unhappy,162,28
417,great headphon afford price segment muff tight first use go get better time get adjustedread,5,0.35,0.0,0.65,Happy,92,15
418,got one defect product first time return order new one seller replac polici unabl hear sound one speaker first purchas new one arriv shock mind blow super bass crystal clear sound work without bluetooth connect aux cabl suppli also got charg cabl charg cabl mark cheap receiv parcel origin product boread,5,0.111,0.085,0.803,Happy,304,51
419,first flipkart deliv agent behavior good reliablesecond boat headphon qualiti durabl good far aspect ed fascin alsolast thank flipkart grate  product deliveri recommend everyon buy productread,5,0.329,0.0,0.671,Happy,192,26
420,pros  good qualiti materi use  handl day day use easili  good qualiti sound  bass ok con  rang low  connect problem crowd place like bustrain best price rang read,4,0.363,0.119,0.519,Unhappy,162,28
421,great headphon afford price segment muff tight first use go get better time get adjustedread,5,0.35,0.0,0.65,Happy,92,15
422,got one defect product first time return order new one seller replac polici unabl hear sound one speaker first purchas new one arriv shock mind blow super bass crystal clear sound work without bluetooth connect aux cabl suppli also got charg cabl charg cabl mark cheap receiv parcel origin product boread,5,0.111,0.085,0.803,Happy,304,51
423,best price rang one side stop work month replac boat compani good one worth itread,5,0.405,0.099,0.495,Happy,82,15
424,nice product boat best bluetooth handset price love soo much high recommend thisread,5,0.604,0.0,0.396,Happy,84,13
425,good headphon comfort factor realli good advantag use wireless wire overal great valu moneyread,5,0.554,0.0,0.446,Happy,95,14
426,first time give review friend believ good producteveryth fine good feel happi purchas itread,5,0.519,0.0,0.481,Happy,92,14
427,nice headphon bluetooth rang kaam hai long distanc work sound qualiti best batteri also good thank flipkartread,4,0.488,0.0,0.512,Unhappy,111,17
428,headphon qualiti super base panchi clear clear sound love qualiti headphon bluetooth connect also good charg time also less charg  hour better sound better qualityread,5,0.544,0.0,0.456,Happy,167,25
429,overal good bluetooth headphon rang talk phone use headphon opposit person get voic clear time receiv  get littl reason return tri  day otherwis good listen song onlyread,3,0.259,0.0,0.741,Unhappy,170,27
430,nice headset super sound super base qualiti good batteri backupoveral goodread,5,0.659,0.0,0.341,Happy,78,11
431,sound qualiti truli amaz cannot use  ear start pain comfort fitbluetooth fine music dorsnt work proper watch video bluetooth modebuff problemread,3,0.168,0.129,0.703,Unhappy,145,21
432,sound qualiti good bass superb batteri life good  three month could start think buy suggest buy littl boat earbud boat neckband realli good compar  last thank flipkart take reviewread,3,0.389,0.0,0.611,Unhappy,183,29
433,writ review  month use genuin sound good  comfort use  hour hurt lot tight ear claim  hour playback gave around  hour batteri life reach  sudden die hope review help youif plan buy headphon compromis comfortread,3,0.261,0.157,0.582,Unhappy,211,34
434,comfort long time use lakin  hr use k lea best h sound toh good es price rang mread,5,0.425,0.0,0.575,Happy,83,18
435,realli awesom wireless headphon compar price n realli worth money total love productread,4,0.379,0.0,0.621,Unhappy,88,13
436,product good good compani howev dint like courier fellow spoken wile made call ask come hous deliv sound like interest talk custom phone rude way sound  plus dint changeread,5,0.347,0.075,0.578,Happy,173,29
437,verri good product music produc use mani headphon amaz product actual feel bass batteri backup amaz even charg   day  great product music fan go fot itread,5,0.288,0.0,0.712,Happy,155,26
438,cannot believ kind advanc featur provid boat minimum priceit cool impress gadgeti love itread,5,0.424,0.125,0.451,Happy,93,14
439,super low price extraordinari product bluetooth connect quick samsung bass qualiti realli good sound harsh headphon lightweight portabl also come aux cabl case batteri die beep sound pretti strong volum high best bluetooth headphon buy price  need product boatread,5,0.259,0.161,0.58,Happy,264,39
440,awsom extordinari product realli good sound qualiti refresh hear soft music need better base qualityread,5,0.309,0.0,0.691,Happy,104,15
441,bass work best  aux cabl otherwis price best product got   se option otherwis bestread,5,0.412,0.0,0.588,Happy,86,14
442,best one love product awesom best sound qualiti batteri backupread,5,0.643,0.0,0.357,Happy,66,10
443,nice work well reward experi isread,5,0.741,0.0,0.259,Happy,35,6
444,use month honest review sound qualiti bass batteri time good main concern connect feel bluetooth connect issu use headphon even phone pocket special make call claim  meter rang honest pathet also microphon effici nois cancel parti cannot hear proper outsid surround good thing use inread,2,0.269,0.036,0.695,Unhappy,287,45
445,nice headphon superb bass comfort ear good batteri pack still worth buyingread,5,0.67,0.0,0.33,Happy,78,12
446,best world bass  product like much  best thing colorread,5,0.645,0.0,0.355,Happy,56,9
447, month use headphon person boat speaker headphon lover alreadi  speaker  headphon famili headphon realli upto level first time hear audio like audio qualiti ok bass overwhelm bcoz high volum music get distort build qualiti ok fit everyon fit ok famili member fit well feel discomforread,3,0.372,0.066,0.562,Unhappy,286,45
448,nice qualiti headphoneshigh qualiti beat crystal clear sound also fault plug jack sound clear use bluetooth featureit feel someth like uuuuuuread,4,0.36,0.092,0.548,Unhappy,145,21
449,nice headphon superb bass comfort ear good batteri pack still worth buyingread,5,0.67,0.0,0.33,Happy,78,12
450,doubt awesom hard core game play sound got delay trust compani n realli like take thisif budget take anoth one get upset put ox cabl play work correct  gamingread,4,0.269,0.223,0.508,Unhappy,162,29
451,best world bass  product like much  best thing colorread,5,0.645,0.0,0.355,Happy,56,9
452, month use headphon person boat speaker headphon lover alreadi  speaker  headphon famili headphon realli upto level first time hear audio like audio qualiti ok bass overwhelm bcoz high volum music get distort build qualiti ok fit everyon fit ok famili member fit well feel discomforread,3,0.372,0.066,0.562,Unhappy,286,45
453,nice qualiti headphoneshigh qualiti beat crystal clear sound also fault plug jack sound clear use bluetooth featureit feel someth like uuuuuuread,4,0.36,0.092,0.548,Unhappy,145,21
454,product good batteri backup sound qualiti good  suggest product goodread,5,0.42,0.0,0.58,Happy,72,10
455,good qualiti product flexibl easi use even good batteri backup must buyread,4,0.367,0.0,0.633,Unhappy,75,12
456,product get rich base nice audio qualiti disappoint call ever talk abl person product ok travel main music lover like productread,3,0.457,0.083,0.46,Unhappy,129,21
457,use  month work smooth without issu good bass proper mainten sound qualiti overal good choic look good headset mid rangeread,5,0.0,0.298,0.702,Happy,124,20
458, flipkart god damn super fast servic tq thatand qualiti product super cool everyth grt yrr soon best type qualiti product within budgetread,5,0.467,0.077,0.456,Happy,139,22
459,sound qualiti good work good volum middl level becom notic max volum good buyread,4,0.442,0.0,0.558,Unhappy,81,14
460,made order decemb  night got deliv home around  pm made order flipkart pay later facil big shop day period  dec    price pack good mobil deliveri fast still next month jan   pay due  without extra interest servic fee  charg fine late repay thank flipkart facil boat rocker  superb even price rang  read,5,0.187,0.087,0.726,Happy,302,51
461,good product tri jbl  ubon  boat rocker  product better compar bass give extra bass usin equil comfort take anywhereread,4,0.342,0.0,0.658,Unhappy,120,19
462,valu money say price tag good product sound qualiti good great bass decent howev realli comfort overal good product got  sale good dealread,4,0.517,0.0,0.483,Unhappy,139,23
463,wonder headset boat rockerz  bass good clariti soundsthen differ type fusion sound edit song  awesom mindblow worth buy product miss itread,5,0.197,0.066,0.738,Happy,139,21
464,write review aftet use  week super qualiti sound good come full volumebatteri backup also good get charg within hour last upto new user may feel pain initi day pain feel day usefold easi carrydo buy like extra bassand got  rupe wait offer less luckthank flipkart super fast deliveryread,5,0.253,0.104,0.644,Happy,286,48
465,fantast bass crisp clear voic overal superread,5,0.302,0.0,0.698,Happy,46,7
466,good bass excel listen music mic work proper buy music loverread,5,0.396,0.0,0.604,Happy,64,11
467,beauti design comfort wear  sound qualiti batteri back also good thank flipkart  give nice product rangeread,5,0.471,0.0,0.529,Happy,108,16
468,awesom product boat great deliveri flipkart  expect datebass sound clariti great use nokia bh boat rockerz  leaf bass  high end headphonesread,5,0.301,0.0,0.699,Happy,142,21
469,seen local shop octob confus one buy googl internet found boat popular bought boat rockerz   rsafter realiz fnd  hw  much much better boati left boat rockerz brother bought product local shop  happyalso bought mani product ecommerc first reviewit real review bought fnd  regretprread,3,0.122,0.0,0.878,Unhappy,283,43
470,best headphon ever sound qualiti good bass style headphon good mic seem great function mic also good soundread,5,0.567,0.0,0.433,Happy,110,18
471,use last four month awesom product good build qualiti super batteri backup realli give  hr use one chargeread,5,0.298,0.0,0.702,Happy,109,18
472,use youtub  volum less compar applic general speak bluetooth headset mic level moder cannot hear counterpart alway havnt like use headset hear song music app nice feel love itread,4,0.268,0.0,0.732,Unhappy,179,29
473,use sinc  monthsprossound qualiti amaz awesom bassgood listen music movi travellingbluetooth connect gudautoconnect bluetooth ongood fit around ear like joggingbatteri backup gudgood receiv cal scepticalsometim sound clear person still audibl travellingbut work fine timeconsnot muchit tight fit around thread,4,0.259,0.0,0.741,Unhappy,309,39
474,got  big billioni use  nd feel absolut satisfi product apart satisfi build qualiti would vote excel aspect jst go itread,5,0.136,0.0,0.864,Happy,120,20
475,product good design  tight fit  comfort wear sound qualiti good overal  good product priceread,4,0.604,0.0,0.396,Unhappy,94,14
476,amaz good sound qualiti n batteri back amaz fulli satisfi read,5,0.244,0.0,0.756,Happy,62,11
477,everyth superb  sond qualiti bass extrem  rang much need  shown rang   still one best headphon hav usedread,5,0.356,0.0,0.644,Happy,107,17
478,write review use item monthpro good build good sound qualityi want get bass littl us actual understand say direct tell sound good smooth dual connect bluetoothaux cabl long  good fitthey extend easi usethey difficult usecon littl bit tightfeel tight new headphon user feel goneread,4,0.27,0.046,0.684,Unhappy,281,44
479,accur reviewthi headphon nice sound bass qualiti regret  butth cushion ear headphon irrit caus disturbanceson full bass volum sever hour continu usag may give headachebut overal awesom qualiti headphon compar headphon marketi glad bought itboat nice compani want buy go itread,4,0.203,0.057,0.739,Unhappy,276,41
480,fact see look budget headphon best rangenon jblsoni phillip beat nobodi kind sound qualiti rang fun fact  even boat made model great dynam sound even rest model even expens one greatbassit like sit car woofer good amount crisp tribl  like sennheis still pop music lover like iti  bought thread,5,0.422,0.0,0.578,Happy,293,49
481,good listen song good call coz sometim sound audibl repeat sound come talk soft calljust music bestread,3,0.279,0.0,0.721,Unhappy,103,17
482,good product go itiniti felt littl tight ear later mani usageit cusion get adjust earsfeel good comfort rate ,4,0.356,0.0,0.644,Unhappy,109,18
483,wonder companion phone music amaz batteri life last whole day depend use good bass sound qualiti also work call go best part come addit aux cabl alway keep connect case low juic feel littl tight begin time get acoustom ear easi carri foldabl mechan consid price point good productread,4,0.175,0.037,0.788,Unhappy,284,49
484,right left distribut okayotherwis sound qualiti good clariti okaybass almost perfectread,4,0.225,0.0,0.775,Unhappy,88,11
485,nice bluetooth headphon pleas perform  day use prefer price  sound qualiti best comparis headphonesread,5,0.368,0.0,0.632,Happy,103,14
486,excel sound qualiti deep bass good batteri backup thing like tight ear got  big billion daysread,5,0.393,0.0,0.607,Happy,96,16
487,good product boat headphon good best also nice thank flipkartread,5,0.754,0.0,0.246,Happy,65,10
488,headphon stylish look bass dj dispoint batteri backup good mic okk okk overal good goodread,4,0.309,0.0,0.691,Unhappy,91,15
